基金ID,名称,净值,累计净值,估值日期
XTBEIJINGGUOJIP10L1,稳健策略1期,1.04,1.04,2017-2-17
XTBEIJINGGUOJIP10L2,民生汇鑫5号,1.1428,1.1428,2017-2-17
XTBEIJINGGUOJIP10L3,民生鑫鑫1号,0.9667,0.9667,2017-2-17
XTBEIJINGGUOJIP10L4,越大壹号,0.9871,0.9871,2017-2-17
XTBEIJINGGUOJIP10L5,越大贰号,1.0861,1.0861,2017-2-17
XTBEIJINGGUOJIP10L6,民生证券投7号,1.0016,1.0016,2017-2-17
XTBEIJINGGUOJIP10L7,民生证券投12号,0.9951,0.9951,2017-2-17
XTBEIJINGGUOJIP10L8,民生鑫鑫2号,0.9541,0.9541,2017-2-17
XTBEIJINGGUOJIP10L1,申孚1号 ,1.0308,1.0308,2017-2-17
XTBEIJINGGUOJIP10L2,申孚2号 ,0.9935,0.9935,2017-2-17
XTBEIJINGGUOJIP10L3,申孚3号 ,0.9615,0.9615,2017-2-17
XTBEIJINGGUOJIP10L4,申孚4号 ,0.9660,0.9660,2017-2-17
XTBEIJINGGUOJIP10L5,申孚5号 ,0.9683,0.9683,2017-2-17
XTBEIJINGGUOJIP10L6,申孚6号 ,0.9431,0.9431,2017-2-17
XTBEIJINGGUOJIP10L7,稳健策略1期,1.04,1.04,2017-2-10
XTBEIJINGGUOJIP10L8,民生汇鑫5号,1.1532,1.1532,2017-2-10
XTBEIJINGGUOJIP10L1,民生鑫鑫1号,0.9809,0.9809,2017-2-10
XTBEIJINGGUOJIP10L2,越大壹号,1.0000,1.0000,2017-2-10
XTBEIJINGGUOJIP10L3,越大贰号,1.0566,1.0566,2017-2-10
XTBEIJINGGUOJIP10L4,民生证券投7号,1.0130,1.0130,2017-2-10
XTBEIJINGGUOJIP10L5,民生证券投12号,1.0115,1.0115,2017-2-10
XTBEIJINGGUOJIP10L6,民生鑫鑫2号,0.9651,0.9651,2017-2-10
XTBEIJINGGUOJIP10L7,申孚1号,1.0160,1.0160,2017-2-10
XTBEIJINGGUOJIP10L8,申孚2号,0.9943,0.9943,2017-2-10
XTBEIJINGGUOJIP10L1,申孚3号,0.9588,0.9588,2017-2-10
XTBEIJINGGUOJIP10L2,申孚4号,0.9518,0.9518,2017-2-10
XTBEIJINGGUOJIP10L3,申孚5号,0.9567,0.9567,2017-2-10
XTBEIJINGGUOJIP10L4,申孚6号,0.9388,0.9388,2017-2-10
XTBEIJINGGUOJIP10L5,同安定增,1.00,1.00,2017-1-9
XTBEIJINGGUOJIP10L6,民生证券投2号,1.1689,1.1689,2017-1-6
XTBEIJINGGUOJIP10L7,民生证券投5号,1.2526,1.2526,2017-1-6
XTBEIJINGGUOJIP10L8,民生汇鑫5号,1.1146,1.1146,2017-1-6
XTBEIJINGGUOJIP10L1,民生鑫鑫1号,0.9508,0.9508,2017-1-6
XTBEIJINGGUOJIP10L2,越大壹号,0.9583,0.9583,2017-1-6
XTBEIJINGGUOJIP10L3,越大贰号,1.0076,1.0076,2017-1-6
XTBEIJINGGUOJIP10L4,民生证券投7号,1.0041,1.0041,2017-1-6
XTBEIJINGGUOJIP10L5,民生证券投12号,1.0050,1.0050,2017-1-6
XTBEIJINGGUOJIP10L6,民生鑫鑫2号,0.9539,0.9539,2017-1-6
XTBEIJINGGUOJIP10L7,申孚1号,0.9844,0.9844,2017-1-6
XTBEIJINGGUOJIP10L8,申孚2号,0.9929,0.9929,2017-1-6
XTBEIJINGGUOJIP10L1,申孚3号,0.9121,0.9121,2017-1-6
XTBEIJINGGUOJIP10L2,申孚4号,0.9928,0.9928,2017-1-6
XTBEIJINGGUOJIP10L3,申孚5号,0.9457,0.9457,2017-1-6
XTBEIJINGGUOJIP10L4,申孚6号,0.9290,0.9290,2017-1-6
XTBEIJINGGUOJIP10L5,同安定增,1.00,1.00,2017-1-3
XTBEIJINGGUOJIP10L6,稳健策略1期,1.03,1.03,2017-1-3
XTBEIJINGGUOJIP10L7,稳健策略1期,1.04,1.04,2017-1-20
XTBEIJINGGUOJIP10L8,民生汇鑫5号,1.1181,1.1181,2017-1-20
XTBEIJINGGUOJIP10L1,民生鑫鑫1号,0.9673,0.9673,2017-1-20
XTBEIJINGGUOJIP10L2,越大壹号,0.9789,0.9789,2017-1-20
XTBEIJINGGUOJIP10L3,越大贰号,0.9916,0.9916,2017-1-20
XTBEIJINGGUOJIP10L4,民生证券投7号,0.9845,0.9845,2017-1-20
XTBEIJINGGUOJIP10L5,民生证券投12号,0.9801,0.9801,2017-1-20
XTBEIJINGGUOJIP10L6,民生鑫鑫2号,0.9608,0.9608,2017-1-20
XTBEIJINGGUOJIP10L7,同安定增,1.00,1.00,2017-1-16
XTBEIJINGGUOJIP10L8,稳健策略1期,1.04,1.04,2017-1-13
XTBEIJINGGUOJIP10L1,民生证券投5号,1.2513,1.2513,2017-1-13
XTBEIJINGGUOJIP10L2,民生汇鑫5号,1.1450,1.1450,2017-1-13
XTBEIJINGGUOJIP10L3,越大壹号,0.9503,0.9503,2017-1-13
XTBEIJINGGUOJIP10L4,越大贰号,0.9939,0.9939,2017-1-13
XTBEIJINGGUOJIP10L5,民生证券投7号,1.0041,1.0041,2017-1-13
XTBEIJINGGUOJIP10L6,民生证券投12号,0.9838,0.9838,2017-1-13
XTBEIJINGGUOJIP10L7,民生鑫鑫2号 ,0.9602,0.9602,2017-1-13
XTBEIJINGGUOJIP10L8,申孚1号,0.9670,0.9670,2017-1-13
XTBEIJINGGUOJIP10L1,申孚2号,0.9744,0.9744,2017-1-13
XTBEIJINGGUOJIP10L2,申孚3号,0.9116,0.9116,2017-1-13
XTBEIJINGGUOJIP10L3,申孚4号,0.9496,0.9496,2017-1-13
XTBEIJINGGUOJIP10L4,申孚5号,0.9135,0.9135,2017-1-13
XTBEIJINGGUOJIP10L5,申孚6号,0.9117,0.9117,2017-1-13
XTBEIJINGGUOJIP10L6,稳健策略1期,1.03,1.03,2016-12-30
XTBEIJINGGUOJIP10L7,民生证券投2号,1.1774,1.1774,2016-12-30
XTBEIJINGGUOJIP10L8,民生证券投5号,1.2488,1.2488,2016-12-30
XTBEIJINGGUOJIP10L1,民生汇鑫5号,1.0886,1.0886,2016-12-30
XTBEIJINGGUOJIP10L2,民生鑫鑫1号,0.9556,0.9556,2016-12-30
XTBEIJINGGUOJIP10L3,越大壹号,0.9729,0.9729,2016-12-30
XTBEIJINGGUOJIP10L4,越大贰号,1.0074,1.0074,2016-12-30
XTBEIJINGGUOJIP10L5,民生证券投7号,1.0015,1.0015,2016-12-30
XTBEIJINGGUOJIP10L6,民生证券投12号,1.0039,1.0039,2016-12-30
XTBEIJINGGUOJIP10L7,民生鑫鑫2号,0.9602,0.9602,2016-12-30
XTBEIJINGGUOJIP10L8,申孚1号,0.9775,0.9775,2016-12-30
XTBEIJINGGUOJIP10L1,申孚2号,1.0002,1.0002,2016-12-30
XTBEIJINGGUOJIP10L2,申孚3号,0.9187,0.9187,2016-12-30
XTBEIJINGGUOJIP10L3,申孚4号,0.9959,0.9959,2016-12-30
XTBEIJINGGUOJIP10L4,申孚5号,0.9453,0.9453,2016-12-30
XTBEIJINGGUOJIP10L5,申孚6号,0.9269,0.9269,2016-12-30
XTBEIJINGGUOJIP10L6,申孚1号,0.9452,0.9452,2016-12-23
XTBEIJINGGUOJIP10L7,申孚2号,1.0023,1.0023,2016-12-23
XTBEIJINGGUOJIP10L8,申孚3号,0.9123,0.9123,2016-12-23
XTBEIJINGGUOJIP10L1,申孚5号,0.9156,0.9156,2016-12-23
XTBEIJINGGUOJIP10L2,申孚6号,0.9127,0.9127,2016-12-23
XTBEIJINGGUOJIP10L3,稳健策略1期,1.03,1.03,2016-12-23
XTBEIJINGGUOJIP10L4,民生证券投2号,1.1864,1.1864,2016-12-23
XTBEIJINGGUOJIP10L5,民生证券投5号,1.2667,1.2667,2016-12-23
XTBEIJINGGUOJIP10L6,民生汇鑫5号,1.0978,1.0978,2016-12-23
XTBEIJINGGUOJIP10L7,民生鑫鑫1号,0.9546,0.9546,2016-12-23
XTBEIJINGGUOJIP10L8,越大壹号,0.9659,0.9659,2016-12-23
XTBEIJINGGUOJIP10L1,越大贰号,0.9941,0.9941,2016-12-23
XTBEIJINGGUOJIP10L2,民生证券投7号,1.0190,1.0190,2016-12-23
XTBEIJINGGUOJIP10L3,民生证券投12号,1.0266,1.0266,2016-12-23
XTBEIJINGGUOJIP10L4,民生鑫鑫2号,0.9588,0.9588,2016-12-23
XTBEIJINGGUOJIP10L5,同安定增,1.00,1.00,2016-12-19
XTBEIJINGGUOJIP10L6,申孚1号,0.9429,0.9429,2016-12-16
XTBEIJINGGUOJIP10L7,申孚2号,1.0061,1.0061,2016-12-16
XTBEIJINGGUOJIP10L8,申孚3号,0.9228,0.9228,2016-12-16
XTBEIJINGGUOJIP10L1,申孚4号,0.9874,0.9874,2016-12-16
XTBEIJINGGUOJIP10L2,申孚5号,0.9348,0.9348,2016-12-16
XTBEIJINGGUOJIP10L3,申孚6号,0.9307,0.9307,2016-12-16
XTBEIJINGGUOJIP10L4,稳健策略1期,1.03,1.03,2016-12-16
XTBEIJINGGUOJIP10L5,民生证券投2号,1.2089,1.2089,2016-12-16
XTBEIJINGGUOJIP10L6,民生证券投5号,1.3020,1.3020,2016-12-16
XTBEIJINGGUOJIP10L7,民生汇鑫5号,1.1020,1.1020,2016-12-16
XTBEIJINGGUOJIP10L8,民生鑫鑫1号,0.9597,0.9597,2016-12-16
XTBEIJINGGUOJIP10L1,越大壹号,0.9730,0.9730,2016-12-16
XTBEIJINGGUOJIP10L2,越大贰号,0.9634,0.9634,2016-12-16
XTBEIJINGGUOJIP10L3,民生证券投7号,1.0453,1.0453,2016-12-16
XTBEIJINGGUOJIP10L4,民生证券投12号,1.0497,1.0497,2016-12-16
XTBEIJINGGUOJIP10L5,民生鑫鑫2号,0.9812,0.9812,2016-12-16
XTBEIJINGGUOJIP10L6,同安定增,1.00,1.00,2016-12-12
XTBEIJINGGUOJIP10L7,稳健策略1期,1.04,1.04,2016-12-09
XTBEIJINGGUOJIP10L8,民生证券投2号,1.1856,1.1856,2016-12-09
XTBEIJINGGUOJIP10L1,民生证券投5号,1.2885,1.2885,2016-12-09
XTBEIJINGGUOJIP10L2,民生汇鑫5号,1.0948,1.0948,2016-12-09
XTBEIJINGGUOJIP10L3,民生鑫鑫1号,0.9626,0.9626,2016-12-09
XTBEIJINGGUOJIP10L4,越大壹号,0.9508,0.9508,2016-12-09
XTBEIJINGGUOJIP10L5,越大贰号,0.9881,0.9881,2016-12-09
XTBEIJINGGUOJIP10L6,民生证券投7号,1.0190,1.0190,2016-12-09
XTBEIJINGGUOJIP10L7,民生证券投12号,1.0190,1.0190,2016-12-09
XTBEIJINGGUOJIP10L8,民生鑫鑫2号,0.9939,0.9939,2016-12-09
XTBEIJINGGUOJIP10L1,申孚1号,0.9733,0.9733,2016-12-09
XTBEIJINGGUOJIP10L2,申孚2号,0.9866,0.9866,2016-12-09
XTBEIJINGGUOJIP10L3,申孚3号,0.9440,0.9440,2016-12-09
XTBEIJINGGUOJIP10L4,申孚4号,0.9905,0.9905,2016-12-09
XTBEIJINGGUOJIP10L5,申孚5号,0.9486,0.9486,2016-12-09
XTBEIJINGGUOJIP10L6,申孚6号,0.9553,0.9553,2016-12-09
XTBEIJINGGUOJIP10L7,同安定增,1.00,1.00,2016-12-06
XTBEIJINGGUOJIP10L8,稳健策略1期,1.04,1.04,2016-12-02
XTBEIJINGGUOJIP10L1,民生证券投2号,1.1618,1.1618,2016-12-02
XTBEIJINGGUOJIP10L2,民生证券投5号,1.2710,1.2710,2016-12-02
XTBEIJINGGUOJIP10L3,民生汇鑫5号,1.0427,1.0427,2016-12-02
XTBEIJINGGUOJIP10L4,民生鑫鑫1号,0.9606,0.9606,2016-12-02
XTBEIJINGGUOJIP10L5,越大壹号,0.9503,0.9503,2016-12-02
XTBEIJINGGUOJIP10L6,越大贰号,0.9787,0.9787,2016-12-02
XTBEIJINGGUOJIP10L7,民生证券投7号,1.0036,1.0036,2016-12-02
XTBEIJINGGUOJIP10L8,民生证券投12号,1.0057,1.0057,2016-12-02
XTBEIJINGGUOJIP10L1,申孚1号,0.9659,0.9659,2016-12-02
XTBEIJINGGUOJIP10L2,申孚2号,0.9875,0.9875,2016-12-02
XTBEIJINGGUOJIP10L3,申孚3号,0.9439,0.9439,2016-12-02
XTBEIJINGGUOJIP10L4,申孚4号,0.9818,0.9818,2016-12-02
XTBEIJINGGUOJIP10L5,申孚5号,0.9501,0.9501,2016-12-02
XTBEIJINGGUOJIP10L6,申孚6号,0.9449,0.9449,2016-12-02
XTBEIJINGGUOJIP10L7,同安定增,1.00,1.00,2016-11-28
XTBEIJINGGUOJIP10L8,稳健策略1期,1.04,1.04,2016-11-25
XTBEIJINGGUOJIP10L1,民生证券2号,1.1752,1.1752,2016-11-25
XTBEIJINGGUOJIP10L2,民生证券投5号,1.2625,1.2625,2016-11-25
XTBEIJINGGUOJIP10L3,民生汇鑫5号,1.0686,1.0686,2016-11-25
XTBEIJINGGUOJIP10L4,民生鑫鑫1号,0.9736,0.9736,2016-11-25
XTBEIJINGGUOJIP10L5,越大壹号,0.9990,0.9990,2016-11-25
XTBEIJINGGUOJIP10L6,越大贰号,0.9914,0.9914,2016-11-25
XTBEIJINGGUOJIP10L7,民生证券投7号,1.0141,1.0141,2016-11-25
XTBEIJINGGUOJIP10L8,民生证券投12号,1.0138,1.0138,2016-11-25
XTBEIJINGGUOJIP10L1,申孚1号,1.0265,1.0265,2016-11-25
XTBEIJINGGUOJIP10L2,申孚2号,1.0041,1.0041,2016-11-25
XTBEIJINGGUOJIP10L3,申孚3号,0.9915,0.9915,2016-11-25
XTBEIJINGGUOJIP10L4,申孚4号,1.0392,1.0392,2016-11-25
XTBEIJINGGUOJIP10L5,申孚5号,1.0297,1.0297,2016-11-25
XTBEIJINGGUOJIP10L6,申孚6号,0.9929,0.9929,2016-11-25
XTBEIJINGGUOJIP10L7,同安定增,1.00,1.00,2016-11-22
XTBEIJINGGUOJIP10L8,稳健策略1期,1.03,1.03,2016-11-18
XTBEIJINGGUOJIP10L1,民生证券2号,1.1408,1.1408,2016-11-18
XTBEIJINGGUOJIP10L2,民生证券投5号,1.1597,1.1597,2016-11-18
XTBEIJINGGUOJIP10L3,民生汇鑫5号,1.0449,1.0449,2016-11-18
XTBEIJINGGUOJIP10L4,民生鑫鑫1号,0.9923,0.9923,2016-11-18
XTBEIJINGGUOJIP10L5,越大壹号,0.9999,0.9999,2016-11-18
XTBEIJINGGUOJIP10L6,申孚1号,1.0035,1.0035,2016-11-18
XTBEIJINGGUOJIP10L7,申孚2号,1.0149,1.0149,2016-11-18
XTBEIJINGGUOJIP10L8,申孚3号,0.9685,0.9685,2016-11-18
XTBEIJINGGUOJIP10L1,申孚4号,1.0145,1.0145,2016-11-18
XTBEIJINGGUOJIP10L2,申孚5号,1.0149,1.0149,2016-11-18
XTBEIJINGGUOJIP10L3,申孚6号,0.9776,0.9776,2016-11-18
XTBEIJINGGUOJIP10L4,稳健策略1期,1.05,1.05,2016-11-11
XTBEIJINGGUOJIP10L5,民生证券2号,1.1450,1.1450,2016-11-11
XTBEIJINGGUOJIP10L6,民生证券5号,1.1566,1.1566,2016-11-11
XTBEIJINGGUOJIP10L7,民生汇鑫5号,1.0261,1.0261,2016-11-11
XTBEIJINGGUOJIP10L8,民生鑫鑫1号,1.0024,1.0024,2016-11-11
XTBEIJINGGUOJIP10L1,申孚1号,0.9847,0.9847,2016-11-11
XTBEIJINGGUOJIP10L2,申孚2号,1.0152,1.0152,2016-11-11
XTBEIJINGGUOJIP10L3,申孚3号,0.9823,0.9823,2016-11-11
XTBEIJINGGUOJIP10L4,申孚4号,0.9840,0.9840,2016-11-11
XTBEIJINGGUOJIP10L5,申孚5号,1.0120,1.0120,2016-11-11
XTBEIJINGGUOJIP10L6,申孚6号,0.9908,0.9908,2016-11-11
XTBEIJINGGUOJIP10L7,稳健策略1期,1.05,1.05,2016-11-04
XTBEIJINGGUOJIP10L8,民生证券2号,1.1058,1.1058,2016-11-04
XTBEIJINGGUOJIP10L1,民生证券5号,1.1277,1.1277,2016-11-04
XTBEIJINGGUOJIP10L2,民生汇鑫5号,1.0006,1.0006,2016-11-04
XTBEIJINGGUOJIP10L3,民生鑫鑫1号,0.9998,0.9998,2016-11-04
XTBEIJINGGUOJIP10L4,申孚1号,0.9701,0.9701,2016-11-04
XTBEIJINGGUOJIP10L5,申孚2号,1.0102,1.0102,2016-11-04
XTBEIJINGGUOJIP10L6,申孚3号,0.9750,0.9750,2016-11-04
XTBEIJINGGUOJIP10L7,申孚4号,0.9736,0.9736,2016-11-04
XTBEIJINGGUOJIP10L8,申孚5号,1.0063,1.0063,2016-11-04
XTBEIJINGGUOJIP10L1,申孚6号,0.9708,0.9708,2016-11-04
XTBEIJINGGUOJIP10L2,稳健策略1期,1.06,1.06,2016-10-28
XTBEIJINGGUOJIP10L3,民生证券2号,1.0991,1.0991,2016-10-28
XTBEIJINGGUOJIP10L4,民生证券5号,1.1226,1.1226,2016-10-28
XTBEIJINGGUOJIP10L5,民生汇鑫5号,1.0027,1.0027,2016-10-28
XTBEIJINGGUOJIP10L6,申孚1号,0.9268,0.9268,2016-10-28
XTBEIJINGGUOJIP10L7,申孚2号,0.9847,0.9847,2016-10-28
XTBEIJINGGUOJIP10L8,申孚3号,0.9538,0.9538,2016-10-28
XTBEIJINGGUOJIP10L1,申孚4号,0.9874,0.9874,2016-10-28
XTBEIJINGGUOJIP10L2,申孚5号,0.9867,0.9867,2016-10-28
XTBEIJINGGUOJIP10L3,申孚6号,0.9267,0.9267,2016-10-28
XTBEIJINGGUOJIP10L4,稳健策略1期,1.07,1.07,2016-10-21
XTBEIJINGGUOJIP10L5,民生证券2号,1.0852,1.0852,2016-10-21
XTBEIJINGGUOJIP10L6,民生证券5号,1.1142,1.1142,2016-10-21
XTBEIJINGGUOJIP10L7,民生汇鑫5号,1.0082,1.0082,2016-10-21
XTBEIJINGGUOJIP10L8,申孚1号,0.9305,0.9305,2016-10-21
XTBEIJINGGUOJIP10L1,申孚2号,0.9690,0.9690,2016-10-21
XTBEIJINGGUOJIP10L2,申孚3号,0.9586,0.9586,2016-10-21
XTBEIJINGGUOJIP10L3,申孚4号,0.9622,0.9622,2016-10-21
XTBEIJINGGUOJIP10L4,申孚5号,0.9833,0.9833,2016-10-21
XTBEIJINGGUOJIP10L5,申孚6号,0.9307,0.9307,2016-10-21
XTBEIJINGGUOJIP10L6,申孚1号,0.9365,0.9365,2016-10-14
XTBEIJINGGUOJIP10L7,申孚2号,0.9614,0.9614,2016-10-14
XTBEIJINGGUOJIP10L8,申孚3号,0.9616,0.9616,2016-10-14
XTBEIJINGGUOJIP10L1,申孚4号,0.9799,0.9799,2016-10-14
XTBEIJINGGUOJIP10L2,申孚5号,0.9892,0.9892,2016-10-14
XTBEIJINGGUOJIP10L3,申孚6号,0.9408,0.9408,2016-10-14
XTBEIJINGGUOJIP10L4,申孚1号,0.9208,0.9208,2016-09-30
XTBEIJINGGUOJIP10L5,申孚2号,0.9428,0.9428,2016-09-30
XTBEIJINGGUOJIP10L6,申孚3号,0.9432,0.9432,2016-09-30
XTBEIJINGGUOJIP10L7,申孚4号,0.9603,0.9603,2016-09-30
XTBEIJINGGUOJIP10L8,申孚5号,0.9688,0.9688,2016-09-30
XTBEIJINGGUOJIP10L1,申孚6号,0.9220,0.9220,2016-09-30
XTBEIJINGGUOJIP10L2,稳健策略1期,1.04,1.04,2016-09-23
XTBEIJINGGUOJIP10L3,民生证券2号,1.0065,1.0065,2016-09-23
XTBEIJINGGUOJIP10L4,申孚1号,0.9333,0.9333,2016-09-23
XTBEIJINGGUOJIP10L5,申孚2号,0.9580,0.9580,2016-09-23
XTBEIJINGGUOJIP10L6,申孚3号,0.9610,0.9610,2016-09-23
XTBEIJINGGUOJIP10L7,申孚4号,0.9804,0.9804,2016-09-23
XTBEIJINGGUOJIP10L8,申孚5号,0.9685,0.9685,2016-09-23
XTBEIJINGGUOJIP10L1,申孚6号,0.9462,0.9462,2016-09-23
XTBEIJINGGUOJIP10L2,稳健策略1期,1.03,1.03,2016-09-14
XTBEIJINGGUOJIP10L3,民生证券2号,1.0128,1.0128,2016-09-14
XTBEIJINGGUOJIP10L4,申孚1号,0.9414,0.9414,2016-09-14
XTBEIJINGGUOJIP10L5,申孚2号,0.9661,0.9661,2016-09-14
XTBEIJINGGUOJIP10L6,申孚4号,0.9856,0.9856,2016-09-14
XTBEIJINGGUOJIP10L7,申孚5号,0.9563,0.9563,2016-09-14
XTBEIJINGGUOJIP10L8,申孚6号,0.9569,0.9569,2016-09-14
XTBEIJINGGUOJIP10L1,稳健策略1期,1.03,1.03,2016-09-09
XTBEIJINGGUOJIP10L2,申孚1号,0.9578,0.9578,2016-09-09
XTBEIJINGGUOJIP10L3,申孚2号,0.9742,0.9742,2016-09-09
XTBEIJINGGUOJIP10L4,申孚3号,0.9701,0.9701,2016-09-09
XTBEIJINGGUOJIP10L5,申孚4号,0.9928,0.9928,2016-09-09
XTBEIJINGGUOJIP10L6,申孚5号,0.9728,0.9728,2016-09-09
XTBEIJINGGUOJIP10L7,申孚6号,0.9677,0.9677,2016-09-09
XTBEIJINGGUOJIP10L8,稳健策略1期,1.03,1.03,2016-09-02
XTBEIJINGGUOJIP10L1,申孚1号,0.9526,0.9526,2016-09-02
XTBEIJINGGUOJIP10L2,申孚2号,0.9594,0.9594,2016-09-02
XTBEIJINGGUOJIP10L3,申孚3号,0.9578,0.9578,2016-09-02
XTBEIJINGGUOJIP10L4,申孚4号,0.9830,0.9830,2016-09-02
XTBEIJINGGUOJIP10L5,申孚5号,0.9717,0.9717,2016-09-02
XTBEIJINGGUOJIP10L6,申孚6号,0.9484,0.9484,2016-09-02
XTBEIJINGGUOJIP10L7,稳健策略1期,1.02,1.02,2016-08-26
XTBEIJINGGUOJIP10L8,申孚1号,0.9678,0.9678,2016-08-26
XTBEIJINGGUOJIP10L1,申孚2号,0.9699,0.9699,2016-08-26
XTBEIJINGGUOJIP10L2,申孚3号,0.9641,0.9641,2016-08-26
XTBEIJINGGUOJIP10L3,申孚4号,0.9871,0.9871,2016-08-26
XTBEIJINGGUOJIP10L4,申孚5号,0.9754,0.9754,2016-08-26
XTBEIJINGGUOJIP10L5,稳健策略1期,1.03,1.03,2016-08-19
XTBEIJINGGUOJIP10L6,申孚1号,0.9699,0.9699,2016-08-19
XTBEIJINGGUOJIP10L7,申孚4号,0.9900,0.9900,2016-08-19
XTBEIJINGGUOJIP10L8,申孚5号,0.9784,0.9784,2016-08-19
XTBEIJINGGUOJIP10L1,申孚6号,0.9558,0.9558,2016-08-19
XTBEIJINGGUOJIP10L2,稳健策略1期,1.02,1.02,2016-08-12
XTBEIJINGGUOJIP10L3,申孚1号,0.9422,0.9422,2016-08-12
XTBEIJINGGUOJIP10L4,申孚2号,0.9557,0.9557,2016-08-12
XTBEIJINGGUOJIP10L5,申孚3号,0.9610,0.9610,2016-08-12
XTBEIJINGGUOJIP10L6,申孚4号,0.9888,0.9888,2016-08-12
XTBEIJINGGUOJIP10L7,申孚5号,0.9649,0.9649,2016-08-12
XTBEIJINGGUOJIP10L8,申孚6号,0.9450,0.9450,2016-08-12
XTBEIJINGGUOJIP10L1,稳健策略1期,1.01,1.01,2016-08-05
XTBEIJINGGUOJIP10L2,申孚1号,0.9417,0.9417,2016-08-05
XTBEIJINGGUOJIP10L3,申孚2号,0.9551,0.9551,2016-08-05
XTBEIJINGGUOJIP10L4,申孚3号,0.9524,0.9524,2016-08-05
XTBEIJINGGUOJIP10L5,申孚4号,0.9774,0.9774,2016-08-05
XTBEIJINGGUOJIP10L6,申孚5号,0.9428,0.9428,2016-08-05
XTBEIJINGGUOJIP10L7,申孚6号,0.9424,0.9424,2016-08-05
XTBEIJINGGUOJIP10L8,浅湖1号,2.2052,2.2052,2016-08-05
XTBEIJINGGUOJIP10L1,稳健策略1期,1.01,1.01,2016-07-29
XTBEIJINGGUOJIP10L2,申孚1号,0.9302,0.9302,2016-07-29
XTBEIJINGGUOJIP10L3,申孚2号,0.9484,0.9484,2016-07-29
XTBEIJINGGUOJIP10L4,申孚3号,0.9496,0.9496,2016-07-29
XTBEIJINGGUOJIP10L5,申孚4号,0.9642,0.9642,2016-07-29
XTBEIJINGGUOJIP10L6,申孚5号,0.9304,0.9304,2016-07-29
XTBEIJINGGUOJIP10L7,申孚6号,0.9386,0.9386,2016-07-29
XTBEIJINGGUOJIP10L8,浅湖1号,2.2051,2.2051,2016-07-29
XTBEIJINGGUOJIP10L1,稳健策略1期,1.02,1.02,2016-07-22
XTBEIJINGGUOJIP10L2,申孚1号,0.9518,0.9518,2016-07-22
XTBEIJINGGUOJIP10L3,申孚2号,0.9481,0.9481,2016-07-22
XTBEIJINGGUOJIP10L4,申孚3号,1.0039,1.0039,2016-07-22
XTBEIJINGGUOJIP10L5,申孚4号,0.9993,0.9993,2016-07-22
XTBEIJINGGUOJIP10L6,申孚5号,0.9724,0.9724,2016-07-22
XTBEIJINGGUOJIP10L7,申孚6号,0.9852,0.9852,2016-07-22
XTBEIJINGGUOJIP10L8,浅湖1号 ,1.5165,1.5165,2016-07-22
XTBEIJINGGUOJIP10L1,稳健策略1期,1.02,1.02,2016-07-15
XTBEIJINGGUOJIP10L2,申孚1号,0.9636,0.9636,2016-07-15
XTBEIJINGGUOJIP10L3,申孚2号,0.9694,0.9694,2016-07-15
XTBEIJINGGUOJIP10L4,申孚3号,1.0147,1.0147,2016-07-15
XTBEIJINGGUOJIP10L5,申孚4号,1.0014,1.0014,2016-07-15
XTBEIJINGGUOJIP10L6,申孚5号,0.9755,0.9755,2016-07-15
XTBEIJINGGUOJIP10L7,申孚6号,1.0090,1.0090,2016-07-15
XTBEIJINGGUOJIP10L8,浅湖1号,1.5553,1.5553,2016-07-15
XTBEIJINGGUOJIP10L1,稳健策略1期,1.02,1.02,2016-07-08
XTBEIJINGGUOJIP10L2,申孚1号,0.9575,0.9575,2016-07-08
XTBEIJINGGUOJIP10L3,申孚2号,0.9669,0.9669,2016-07-08
XTBEIJINGGUOJIP10L4,申孚3号,1.0065,1.0065,2016-07-08
XTBEIJINGGUOJIP10L5,申孚4号,1.0047,1.0047,2016-07-08
XTBEIJINGGUOJIP10L6,申孚5号,0.9578,0.9578,2016-07-08
XTBEIJINGGUOJIP10L7,申孚6号,1.0127,1.0127,2016-07-08
XTBEIJINGGUOJIP10L8,浅湖1号,1.4983,1.4983,2016-07-08
XTBEIJINGGUOJIP10L1,稳健策略1期,1.01,1.01,2016-07-01
XTBEIJINGGUOJIP10L2,申孚1号,0.9308,0.9308,2016-07-01
XTBEIJINGGUOJIP10L3,申孚2号,0.9566,0.9566,2016-07-01
XTBEIJINGGUOJIP10L4,申孚3号,0.9901,0.9901,2016-07-01
XTBEIJINGGUOJIP10L5,申孚4号,0.9756,0.9756,2016-07-01
XTBEIJINGGUOJIP10L6,申孚5号,0.9459,0.9459,2016-07-01
XTBEIJINGGUOJIP10L7,申孚6号,0.9858,0.9858,2016-07-01
XTBEIJINGGUOJIP10L8,浅湖1号,1.4305,1.4305,2016-07-01
XTBEIJINGGUOJIP10L1,申孚1号,0.9131,0.9131,2016-06-24
XTBEIJINGGUOJIP10L2,申孚2号,0.9353,0.9353,2016-06-24
XTBEIJINGGUOJIP10L3,申孚3号,1.0012,1.0012,2016-06-24
XTBEIJINGGUOJIP10L4,申孚4号,0.9645,0.9645,2016-06-24
XTBEIJINGGUOJIP10L5,申孚5号,0.9304,0.9304,2016-06-24
XTBEIJINGGUOJIP10L6,申孚6号,0.9918,0.9918,2016-06-24
XTBEIJINGGUOJIP10L7,浅湖1号,1.3893,1.3893,2016-06-24
XTBEIJINGGUOJIP10L8,稳健策略1期,1.00,1.00,2016-06-24
XTBEIJINGGUOJIP10L1,申孚1号,0.9242,0.9242,2016-06-17
XTBEIJINGGUOJIP10L2,申孚2号,0.9398,0.9398,2016-06-17
XTBEIJINGGUOJIP10L3,申孚3号,0.9978,0.9978,2016-06-17
XTBEIJINGGUOJIP10L4,申孚4号,0.9515,0.9515,2016-06-17
XTBEIJINGGUOJIP10L5,申孚5号,0.9263,0.9263,2016-06-17
XTBEIJINGGUOJIP10L6,申孚6号,1.0151,1.0151,2016-06-17
XTBEIJINGGUOJIP10L7,浅湖1号,1.3986,1.3986,2016-06-17
XTBEIJINGGUOJIP10L8,稳健策略1期,1.00,1.00,2016-06-17
XTBEIJINGGUOJIP10L1,稳健策略1期,1.00,1.00,2016-06-08
XTBEIJINGGUOJIP10L2,申孚1号,0.9218,0.9218,2016-06-08
XTBEIJINGGUOJIP10L3,申孚2号,0.9555,0.9555,2016-06-08
XTBEIJINGGUOJIP10L4,申孚4号,0.9940,0.9940,2016-06-08
XTBEIJINGGUOJIP10L5,申孚5号,0.9644,0.9644,2016-06-08
XTBEIJINGGUOJIP10L6,申孚6号,0.9962,0.9962,2016-06-08
XTBEIJINGGUOJIP10L7,浅湖1号,1.3869,1.3869,2016-06-08
XTBEIJINGGUOJIP10L8,申孚1号,0.9266,0.9266,2016-06-03
XTBEIJINGGUOJIP10L1,申孚2号,0.9628,0.9628,2016-06-03
XTBEIJINGGUOJIP10L2,申孚3号,0.9710,0.9710,2016-06-03
XTBEIJINGGUOJIP10L3,申孚4号,0.9883,0.9883,2016-06-03
XTBEIJINGGUOJIP10L4,申孚5号,0.9541,0.9541,2016-06-03
XTBEIJINGGUOJIP10L5,申孚6号,0.9780,0.9780,2016-06-03
XTBEIJINGGUOJIP10L6,浅湖1号,1.3763,1.3763,2016-06-03
XTBEIJINGGUOJIP10L7,稳健策略1期,1.00,1.00,2016-06-03
XTBEIJINGGUOJIP10L8,稳健策略1期,1.00,1.00,2016-05-27
XTBEIJINGGUOJIP10L1,申孚1号,0.9345,0.9345,2016-05-27
XTBEIJINGGUOJIP10L2,申孚2号,0.9369,0.9369,2016-05-27
XTBEIJINGGUOJIP10L3,申孚3号,0.9368,0.9368,2016-05-27
XTBEIJINGGUOJIP10L4,申孚4号,0.9488,0.9488,2016-05-27
XTBEIJINGGUOJIP10L5,申孚5号,0.9333,0.9333,2016-05-27
XTBEIJINGGUOJIP10L6,申孚6号,0.9496,0.9496,2016-05-27
XTBEIJINGGUOJIP10L7,浅湖1号 ,1.2901,1.2901,2016-05-27
XTBEIJINGGUOJIP10L8,稳健策略1期,1.00,1.00,2016-05-20
XTBEIJINGGUOJIP10L1,申孚1号,0.9358,0.9358,2016-05-20
XTBEIJINGGUOJIP10L2,申孚2号,0.9370,0.9370,2016-05-20
XTBEIJINGGUOJIP10L3,申孚3号,0.9472,0.9472,2016-05-20
XTBEIJINGGUOJIP10L4,申孚5号,0.9381,0.9381,2016-05-20
XTBEIJINGGUOJIP10L5,申孚6号,0.9404,0.9404,2016-05-20
XTBEIJINGGUOJIP10L6,浅湖1号,1.2641,1.2641,2016-05-20
XTBEIJINGGUOJIP10L7,申孚1号,0.9351,0.9351,2016-05-13
XTBEIJINGGUOJIP10L8,申孚2号,0.9316,0.9316,2016-05-13
XTBEIJINGGUOJIP10L1,申孚3号,0.9506,0.9506,2016-05-13
XTBEIJINGGUOJIP10L2,申孚4号,0.9676,0.9676,2016-05-13
XTBEIJINGGUOJIP10L3,申孚5号,0.9469,0.9469,2016-05-13
XTBEIJINGGUOJIP10L4,申孚6号,0.9326,0.9326,2016-05-13
XTBEIJINGGUOJIP10L5,浅湖1号,1.2540,1.2540,2016-05-13
XTBEIJINGGUOJIP10L6,稳健策略1期,1.00,1.00,2016-05-13
XTBEIJINGGUOJIP10L7,稳健策略1期,1.00,1.00,2016-05-06
XTBEIJINGGUOJIP10L8,申孚1号,0.9371,0.9371,2016-05-06
XTBEIJINGGUOJIP10L1,申孚2号,0.9616,0.9616,2016-04-15
XTBEIJINGGUOJIP10L2,申孚3号,1.0084,1.0084,2016-04-15
XTBEIJINGGUOJIP10L3,申孚4号,0.9830,0.9830,2016-04-15
XTBEIJINGGUOJIP10L4,申孚5号,0.9806,0.9806,2016-04-15
XTBEIJINGGUOJIP10L5,申孚6号,1.0376,1.0376,2016-04-15
XTBEIJINGGUOJIP10L6,浅湖1号,1.4205,1.4205,2016-04-15
XTBEIJINGGUOJIP10L7,申孚1号,0.9330,0.9330,2016-04-08
XTBEIJINGGUOJIP10L8,申孚2号,0.9541,0.9541,2016-04-08
XTBEIJINGGUOJIP10L1,申孚3号,0.9617,0.9617,2016-04-08
XTBEIJINGGUOJIP10L2,申孚4号,0.9456,0.9456,2016-04-08
XTBEIJINGGUOJIP10L3,申孚5号,0.9580,0.9580,2016-04-08
XTBEIJINGGUOJIP10L4,申孚6号,0.9941,0.9941,2016-04-08
XTBEIJINGGUOJIP10L5,浅湖1号,1.3607,1.3607,2016-04-08
XTBEIJINGGUOJIP10L6,申孚1号,0.9430,0.9430,2016-04-01
XTBEIJINGGUOJIP10L7,申孚2号,0.9445,0.9445,2016-04-01
XTBEIJINGGUOJIP10L8,申孚3号,0.9577,0.9577,2016-04-01
XTBEIJINGGUOJIP10L1,申孚4号,0.9426,0.9426,2016-04-01
XTBEIJINGGUOJIP10L2,申孚5号,0.9465,0.9465,2016-04-01
XTBEIJINGGUOJIP10L3,申孚6号,0.9831,0.9831,2016-04-01
XTBEIJINGGUOJIP10L4,浅湖1号,1.3541,1.3541,2016-04-01
XTBEIJINGGUOJIP10L5,申孚1号,0.9462,0.9462,2016-03-25
XTBEIJINGGUOJIP10L6,申孚3号,0.9449,0.9449,2016-03-25
XTBEIJINGGUOJIP10L7,申孚4号,0.9487,0.9487,2016-03-25
XTBEIJINGGUOJIP10L8,申孚5号,0.9373,0.9373,2016-03-25
XTBEIJINGGUOJIP10L1,申孚6号,0.9844,0.9844,2016-03-25
XTBEIJINGGUOJIP10L2,浅湖1号,1.3246,1.3246,2016-03-25
XTBEIJINGGUOJIP10L3,申孚1号,0.9525,0.9525,2016-03-18
XTBEIJINGGUOJIP10L4,申孚2号,0.9513,0.9513,2016-03-18
XTBEIJINGGUOJIP10L5,申孚3号,0.9566,0.9566,2016-03-18
XTBEIJINGGUOJIP10L6,申孚4号,0.9464,0.9464,2016-03-18
XTBEIJINGGUOJIP10L7,申孚5号,0.9476,0.9476,2016-03-18
XTBEIJINGGUOJIP10L8,申孚6号,0.9814,0.9814,2016-03-18
XTBEIJINGGUOJIP10L1,浅湖1号,1.3026,1.3026,2016-03-18
XTBEIJINGGUOJIP10L2,申孚1号,0.9323,0.9323,2016-03-11
XTBEIJINGGUOJIP10L3,申孚2号,0.9325,0.9325,2016-03-11
XTBEIJINGGUOJIP10L4,申孚3号,0.9356,0.9356,2016-03-11
XTBEIJINGGUOJIP10L5,申孚4号,0.9334,0.9334,2016-03-11
XTBEIJINGGUOJIP10L6,申孚5号,0.9382,0.9382,2016-03-11
XTBEIJINGGUOJIP10L7,申孚6号,0.9396,0.9396,2016-03-11
XTBEIJINGGUOJIP10L8,浅湖1号,1.2266,1.2266,2016-03-11
XTBEIJINGGUOJIP10L1,浙商睿丰二期,1.000,1.000,2016-03-04
XTBEIJINGGUOJIP10L2,申孚1号,0.9427,0.9427,2016-03-04
XTBEIJINGGUOJIP10L3,申孚2号,0.9334,0.9334,2016-03-04
XTBEIJINGGUOJIP10L4,申孚3号,0.9379,0.9379,2016-03-04
XTBEIJINGGUOJIP10L5,申孚4号,0.9411,0.9411,2016-03-04
XTBEIJINGGUOJIP10L6,申孚5号,0.9453,0.9453,2016-03-04
XTBEIJINGGUOJIP10L7,申孚6号,0.9464,0.9464,2016-03-04
XTBEIJINGGUOJIP10L8,浅湖1号,1.2291,1.2291,2016-03-04
XTBEIJINGGUOJIP10L1,浙商睿丰二期,1.000,1.000,2016-02-26
XTBEIJINGGUOJIP10L2,申孚1号,0.9431,0.9431,2016-02-26
XTBEIJINGGUOJIP10L3,申孚2号,0.9473,0.9473,2016-02-26
XTBEIJINGGUOJIP10L4,申孚3号,0.9376,0.9376,2016-02-26
XTBEIJINGGUOJIP10L5,申孚4号,0.9648,0.9648,2016-02-26
XTBEIJINGGUOJIP10L6,申孚5号,0.9332,0.9332,2016-02-26
XTBEIJINGGUOJIP10L7,申孚6号,0.9500,0.9500,2016-02-26
XTBEIJINGGUOJIP10L8,浅湖1号,1.2367,1.2367,2016-02-26
XTBEIJINGGUOJIP10L1,浙商睿丰二期,1.000,1.000,2016-02-19
XTBEIJINGGUOJIP10L2,申孚1号,0.9566,0.9566,2016-02-19
XTBEIJINGGUOJIP10L3,申孚2号,0.9812,0.9812,2016-02-19
XTBEIJINGGUOJIP10L4,申孚3号,0.9500,0.9500,2016-02-19
XTBEIJINGGUOJIP10L5,申孚4号,0.9894,0.9894,2016-02-19
XTBEIJINGGUOJIP10L6,申孚5号,0.9443,0.9443,2016-02-19
XTBEIJINGGUOJIP10L7,申孚6号,0.9684,0.9684,2016-02-19
XTBEIJINGGUOJIP10L8,浅湖1号,1.2931,1.2931,2016-02-19
XTBEIJINGGUOJIP10L1,申孚2号,0.9400,0.9400,2016-04-22
XTBEIJINGGUOJIP10L2,申孚3号,0.9593,0.9593,2016-04-22
XTBEIJINGGUOJIP10L3,申孚4号,0.9344,0.9344,2016-04-22
XTBEIJINGGUOJIP10L4,申孚5号,0.9393,0.9393,2016-04-22
XTBEIJINGGUOJIP10L5,申孚6号,0.9924,0.9924,2016-04-22
XTBEIJINGGUOJIP10L6,浅湖1号,1.3319,1.3319,2016-04-22
XTBEIJINGGUOJIP10L7,稳健策略1期,1.00,1.00,2016-04-22
XTBEIJINGGUOJIP10L8,申孚1号,0.9466,0.9466,2016-04-15
XTBEIJINGGUOJIP10L1,申孚2号,0.9370,0.9370,2016-05-06
XTBEIJINGGUOJIP10L2,申孚3号,0.9967,0.9967,2016-05-06
XTBEIJINGGUOJIP10L3,申孚4号,0.9910,0.9910,2016-05-06
XTBEIJINGGUOJIP10L4,申孚5号,0.9885,0.9885,2016-05-06
XTBEIJINGGUOJIP10L5,申孚6号,0.9722,0.9722,2016-05-06
XTBEIJINGGUOJIP10L6,浅湖1号,1.3119,1.3119,2016-05-06
XTBEIJINGGUOJIP10L7,稳健策略1期,1.00,1.00,2016-05-06
XTBEIJINGGUOJIP10L8,申孚1号,0.9342,0.9342,2016-04-29
XTBEIJINGGUOJIP10L1,申孚2号,0.9454,0.9454,2016-04-29
XTBEIJINGGUOJIP10L2,申孚3号,0.9773,0.9773,2016-04-29
XTBEIJINGGUOJIP10L3,申孚4号,0.9616,0.9616,2016-04-29
XTBEIJINGGUOJIP10L4,申孚5号,0.9619,0.9619,2016-04-29
XTBEIJINGGUOJIP10L5,申孚6号,0.9889,0.9889,2016-04-29
XTBEIJINGGUOJIP10L6,浅湖1号 ,1.3101,1.3101,2016-04-29
XTBEIJINGGUOJIP10L7,稳健策略1期,1.00,1.00,2016-04-29
XTBEIJINGGUOJIP10L8,申孚1号,0.9364,0.9364,2016-04-22
XTBEIJINGGUOJIP10L1,浙商睿丰一期,1.023,1.023,2016-02-05
XTBEIJINGGUOJIP10L2,浙商睿丰二期,1.001,1.001,2016-02-05
XTBEIJINGGUOJIP10L3,申孚1号,0.9480,0.9480,2016-02-05
XTBEIJINGGUOJIP10L4,申孚2号,0.9701,0.9701,2016-02-05
XTBEIJINGGUOJIP10L5,申孚3号,0.9400,0.9400,2016-02-05
XTBEIJINGGUOJIP10L6,申孚4号,0.9607,0.9607,2016-02-05
XTBEIJINGGUOJIP10L7,申孚5号,0.9414,0.9414,2016-02-05
XTBEIJINGGUOJIP10L8,申孚6号,0.9556,0.9556,2016-02-05
XTBEIJINGGUOJIP10L1,浅湖1号,1.2099,1.2099,2016-02-05
XTBEIJINGGUOJIP10L2,申孚1号,0.9376,0.9376,2016-01-29
XTBEIJINGGUOJIP10L3,申孚2号,0.9458,0.9458,2016-01-29
XTBEIJINGGUOJIP10L4,申孚3号,0.9396,0.9396,2016-01-29
XTBEIJINGGUOJIP10L5,申孚4号,0.9436,0.9436,2016-01-29
XTBEIJINGGUOJIP10L6,申孚5号,0.9369,0.9369,2016-01-29
XTBEIJINGGUOJIP10L7,申孚6号,0.9447,0.9447,2016-01-29
XTBEIJINGGUOJIP10L8,浅湖1号,1.2064,1.2064,2016-01-29
XTBEIJINGGUOJIP10L1,浙商睿丰二期,1.001,1.001,2016-01-29
XTBEIJINGGUOJIP10L2,浙商睿丰一期,1.072,1.072,2016-01-22
XTBEIJINGGUOJIP10L3,浙商睿丰二期,1.001,1.001,2016-01-22
XTBEIJINGGUOJIP10L4,申孚1号,0.9396,0.9396,2016-01-22
XTBEIJINGGUOJIP10L5,申孚2号,0.9349,0.9349,2016-01-22
XTBEIJINGGUOJIP10L6,申孚3号,0.9355,0.9355,2016-01-22
XTBEIJINGGUOJIP10L7,申孚4号,0.9416,0.9416,2016-01-22
XTBEIJINGGUOJIP10L8,申孚5号,0.9365,0.9365,2016-01-22
XTBEIJINGGUOJIP10L1,申孚6号,0.9324,0.9324,2016-01-22
XTBEIJINGGUOJIP10L2,浅湖1号,1.2064,1.2064,2016-01-22
XTBEIJINGGUOJIP10L3,浙商睿丰一期,1.071,1.071,2016-01-15
XTBEIJINGGUOJIP10L4,浙商睿丰二期,1.001,1.001,2016-01-15
XTBEIJINGGUOJIP10L5,申孚1号,0.9323,0.9323,2016-01-15
XTBEIJINGGUOJIP10L6,申孚2号,0.9326,0.9326,2016-01-15
XTBEIJINGGUOJIP10L7,申孚3号,0.9332,0.9332,2016-01-15
XTBEIJINGGUOJIP10L8,申孚4号,0.9338,0.9338,2016-01-15
XTBEIJINGGUOJIP10L1,申孚5号,0.9358,0.9358,2016-01-15
XTBEIJINGGUOJIP10L2,申孚6号,0.9371,0.9371,2016-01-15
XTBEIJINGGUOJIP10L3,浅湖1号,1.2065,1.2065,2016-01-15
XTBEIJINGGUOJIP10L4,浙商睿丰一期,1.154,1.154,2016-01-08
XTBEIJINGGUOJIP10L5,浙商睿丰二期,1.001,1.001,2016-01-08
XTBEIJINGGUOJIP10L6,申孚1号,0.9326,0.9326,2016-01-08
XTBEIJINGGUOJIP10L7,申孚2号,0.9640,0.9640,2016-01-08
XTBEIJINGGUOJIP10L8,申孚3号,0.9324,0.9324,2016-01-08
